{
    "0" : [3.3096040316755193,5.11595098564278],
    "1" : [3.7957304759527664,6.161972923194567],
    "2" : [3.964834996408839, 5.171535744307708],
    "3" : [4.372040203773136, 5.161476279959664],
    "4" : [4.962605974147474, 5.377195836336968],
    "5" : [5.004904852478764, 5.332870590463639],
    "10": [6.5934294213075,   5.487018898259246],
    "11": [5.6422063001430365,6.592513735698588],
    "12": [5.157773299395113, 5.389521242990682],
    "13": [5.208276788490149, 6.002599736901702],
    "14": [4.632456189197513, 5.138133195980067],
    "15": [4.506908920324018, 6.331328315049825],
    "16": [3.920679687249054, 5.412629399484422],
    "17": [4.9922284644545,   10.032189504251326],
    "18": [5.157298574068592, 6.598583008500663],
    "19": [5.215451616896337, 5.339736174526823],
    "20": [5.4637442646503676, 5.680300219058759],
    "21": [6.642029378252677, 6.339728498904985],
    "26": [4.127192294923759, 6.17397719527126],
    "27": [4.474851059603938, 5.341022948231086],
    "28": [3.999528271501126, 5.0285910659742585],
    "29": [3.951387143106539, 5.261240652911208],
    "30": [4.029253843479815, 5.006970239540314],
    "31": [4.239761902854228, 6.61832616444174],
    "32": [4.12652245421032,  5.284727588550663],
    "33": [4.844413714402763, 8.027323652662075],
    "34": [4.481675116614986, 7.414641757333293],
    "35": [4.909099018728949, 6.434839278633429],
    "36": [5.049405001966287, 6.016152992199329],
    "37": [5.55607267955656,  5.709765892154447],
    "41": [6.255560762068709, 7.794028880889857],
    "42": [5.106227482583513, 6.024657674560344],
    "43": [4.9654517368833,   5.975282451961852],
    "44": [4.9589405424096915,6.280979826548802],
    "45": [4.884282361805986, 5.653222521640198],
    "46": [4.856171219504323, 5.963620459406333],
    "47": [4.578056807347713, 6.471261026651018],
    "48": [4.759472014019544, 6.090814863284146],
    "49": [4.474674687609217, 5.7595252004136785],
    "50": [4.50971071425072,  6.215164384957274],
    "51": [5.284961730094439, 6.362697134431367],
    "52": [4.790953598475622, 6.419061036437251],
    "53": [5.942455675200934, 8.61711705666685],
    "58": [4.1287163601550265,6.3752508132972645],
    "59": [4.003685835308016, 5.865739006073506],
    "60": [3.8437854148242763,5.373927158492256],
    "61": [3.7566276389750803,6.287523770786106],
    "62": [4.089079109381116, 5.767004706912041],
    "63": [4.254944983707687, 6.245600912686089]
}
